{"name":"a83d54a2-d8a7-42b6-8603-15c1408de7df","id":"/providers/Microsoft.Flow/flows/a83d54a2-d8a7-42b6-8603-15c1408de7df","type":"Microsoft.Flow/flows","properties":{"apiId":"/providers/Microsoft.PowerApps/apis/shared_logicflows","displayName":"Send Multiple Rows from Power Apps to Flow","definition":{"metadata":{"workflowEntityId":null,"flowclientsuspensionreason":"None","flowclientsuspensiontime":null,"creator":{"id":"4ba735f3-f97e-47d5-9b8c-b39a58959618","type":"User","tenantId":"3ac4ca00-2fc7-461f-90ca-497e2b3db5df"},"provisioningMethod":"FromDefinition","failureAlertSubscription":true,"clientLastModifiedTime":"2020-11-03T15:22:55.8169768Z"},"$schema":"https://schema.management.azure.com/providers/Microsoft.Logic/schemas/2016-06-01/workflowdefinition.json#","contentVersion":"1.0.0.0","parameters":{"$connections":{"defaultValue":{},"type":"Object"},"$authentication":{"defaultValue":{},"type":"SecureObject"}},"triggers":{"manual":{"type":"Request","kind":"PowerApp","inputs":{"schema":{"type":"object","properties":{},"required":[]}}}},"actions":{"Response":{"runAfter":{"Select":["Succeeded"]},"type":"Response","kind":"Http","inputs":{"statusCode":200,"body":"@body('Select')","schema":{"type":"array","items":{"type":"object","properties":{"Email":{"type":"string"},"Claims":{"type":"string"},"DisplayName":{"type":"string"},"Department":{"type":"string"},"JobTitle":{"type":"string"},"Picture":{"type":"string"}},"required":["Email","Claims","DisplayName","Department","JobTitle","Picture"]}}}},"Send_an_HTTP_request_to_SharePoint":{"runAfter":{},"type":"OpenApiConnection","inputs":{"host":{"apiId":"/providers/Microsoft.PowerApps/apis/shared_sharepointonline","connectionName":"shared_sharepointonline","operationId":"HttpRequest"},"parameters":{"dataset":"https://dshah27.sharepoint.com/sites/LeaveApplication","parameters/method":"GET","parameters/uri":"/_api/web/sitegroups/getbyname('Managers')/users"},"authentication":{"value":"@json(decodeBase64(triggerOutputs().headers['X-MS-APIM-Tokens']))['$ConnectionKey']","type":"Raw"}}},"Select":{"runAfter":{"Compose":["Succeeded"]},"type":"Select","inputs":{"from":"@outputs('Compose')","select":{"Email":"@item()?['UserPrincipalName']","Claims":"@item()?['LoginName']","DisplayName":"@item()?['Title']","Department":"","JobTitle":"","Picture":""}}},"Compose":{"runAfter":{"Send_an_HTTP_request_to_SharePoint":["Succeeded"]},"type":"Compose","inputs":"@body('Send_an_HTTP_request_to_SharePoint')?['d']?['results']"}}},"connectionReferences":{"shared_sharepointonline":{"connectionName":"8d030b88739c4ff39cfe4f6c9e5675db","source":"Invoker","id":"/providers/Microsoft.PowerApps/apis/shared_sharepointonline","tier":"NotSpecified"}},"flowFailureAlertSubscribed":false}}