{"name":"7671651d-6828-4ba8-ac1c-cc4109957905","id":"/providers/Microsoft.Flow/flows/7671651d-6828-4ba8-ac1c-cc4109957905","type":"Microsoft.Flow/flows","properties":{"apiId":"/providers/Microsoft.PowerApps/apis/shared_logicflows","displayName":"GIT - PVA with QNA Maker Integration","definition":{"metadata":{"workflowEntityId":null,"flowclientsuspensionreason":"None","flowclientsuspensiontime":null,"creator":{"id":"4ba735f3-f97e-47d5-9b8c-b39a58959618","type":"User","tenantId":"3ac4ca00-2fc7-461f-90ca-497e2b3db5df"},"provisioningMethod":"FromDefinition","failureAlertSubscription":true,"clientLastModifiedTime":"2020-12-24T05:19:47.4004177Z"},"$schema":"https://schema.management.azure.com/providers/Microsoft.Logic/schemas/2016-06-01/workflowdefinition.json#","contentVersion":"1.0.0.0","parameters":{"$authentication":{"defaultValue":{},"type":"SecureObject"}},"triggers":{"manual":{"type":"Request","kind":"VirtualAgent","inputs":{"schema":{"type":"object","properties":{"text":{"title":"Input","type":"string","x-ms-dynamically-added":true,"description":"Please enter your input","x-ms-content-hint":"TEXT"}},"required":["text"]}}}},"actions":{"HTTP":{"runAfter":{},"type":"Http","inputs":{"method":"POST","uri":"https://eeeeee.azurewebsites.net/qnamaker/knowledgebases/fa3302c7-abd6-45sssf****21f87fc564a/generateAnswer","headers":{"Authorization":"EndpointKey ********","Content-Type":"application/json"},"body":{"question":"@{triggerBody()['text']}"}}},"QnAAnswer":{"runAfter":{"HTTP":["Succeeded"]},"type":"InitializeVariable","inputs":{"variables":[{"name":"QnAAnswer","type":"string"}]}},"Apply_to_each":{"foreach":"@body('HTTP')?['answers']","actions":{"Set_variable":{"runAfter":{},"type":"SetVariable","inputs":{"name":"QnAAnswer","value":"@{items('Apply_to_each')?['answer']}"}},"Set_variable_2":{"runAfter":{"Set_variable":["Succeeded"]},"type":"SetVariable","inputs":{"name":"Score","value":"@items('Apply_to_each')?['Score']"}},"Condition":{"actions":{"Set_variable_3":{"runAfter":{},"type":"SetVariable","inputs":{"name":"QnAAnswer","value":"Unanswered"}}},"runAfter":{"Set_variable_2":["Succeeded"]},"expression":{"less":["@variables('Score')",45]},"type":"If"}},"runAfter":{"Initialize_variable":["Succeeded"]},"type":"Foreach"},"Return_value(s)_to_Power_Virtual_Agents":{"runAfter":{"Apply_to_each":["Succeeded"]},"type":"Response","kind":"VirtualAgent","inputs":{"statusCode":200,"body":{"qnaanswer":"@variables('QnAAnswer')"},"schema":{"type":"object","properties":{"qnaanswer":{"title":"QnAAnswer","x-ms-dynamically-added":true,"type":"string"}}}}},"Initialize_variable":{"runAfter":{"QnAAnswer":["Succeeded"]},"type":"InitializeVariable","inputs":{"variables":[{"name":"Score","type":"float"}]}}},"outputs":{}},"connectionReferences":{},"flowFailureAlertSubscribed":false}}