{"name":"9d1be608-c588-4173-905e-22717e324c67","id":"/providers/Microsoft.Flow/flows/9d1be608-c588-4173-905e-22717e324c67","type":"Microsoft.Flow/flows","properties":{"apiId":"/providers/Microsoft.PowerApps/apis/shared_logicflows","displayName":"Break Visitor Permission","definition":{"metadata":{"workflowEntityId":null,"flowclientsuspensionreason":"None","flowclientsuspensiontime":null,"creator":{"id":"4ba735f3-f97e-47d5-9b8c-b39a58959618","type":"User","tenantId":"3ac4ca00-2fc7-461f-90ca-497e2b3db5df"},"provisioningMethod":"FromDefinition","failureAlertSubscription":true,"clientLastModifiedTime":"2020-09-24T04:38:14.1096148Z"},"$schema":"https://schema.management.azure.com/providers/Microsoft.Logic/schemas/2016-06-01/workflowdefinition.json#","contentVersion":"1.0.0.0","parameters":{"$connections":{"defaultValue":{},"type":"Object"},"$authentication":{"defaultValue":{},"type":"SecureObject"}},"triggers":{"When_a_file_is_created_or_modified_in_a_folder":{"recurrence":{"frequency":"Minute","interval":1},"metadata":{"%252fSitePages":"/SitePages"},"type":"OpenApiConnection","inputs":{"host":{"apiId":"/providers/Microsoft.PowerApps/apis/shared_sharepointonline","connectionName":"shared_sharepointonline_1","operationId":"OnUpdatedFile"},"parameters":{"dataset":"https://dshah27.sharepoint.com/sites/LeaveApplication","folderId":"%252fSitePages","inferContentType":true},"authentication":"@parameters('$authentication')"}}},"actions":{"Get_file_metadata":{"runAfter":{},"type":"OpenApiConnection","inputs":{"host":{"apiId":"/providers/Microsoft.PowerApps/apis/shared_sharepointonline","connectionName":"shared_sharepointonline_1","operationId":"GetFileMetadata"},"parameters":{"dataset":"https://dshah27.sharepoint.com/sites/LeaveApplication","id":"@triggerOutputs()?['headers/x-ms-file-id']"},"authentication":"@parameters('$authentication')"}},"Get_file_properties":{"runAfter":{"Get_file_metadata":["Succeeded"]},"type":"OpenApiConnection","inputs":{"host":{"apiId":"/providers/Microsoft.PowerApps/apis/shared_sharepointonline","connectionName":"shared_sharepointonline_1","operationId":"GetFileItem"},"parameters":{"dataset":"https://dshah27.sharepoint.com/sites/LeaveApplication","table":"Site Pages","id":"@outputs('Get_file_metadata')?['body/ItemId']"},"authentication":"@parameters('$authentication')"}},"Condition":{"actions":{"Send_an_HTTP_request_to_SharePoint":{"runAfter":{},"type":"OpenApiConnection","inputs":{"host":{"apiId":"/providers/Microsoft.PowerApps/apis/shared_sharepointonline","connectionName":"shared_sharepointonline_1","operationId":"HttpRequest"},"parameters":{"dataset":"https://dshah27.sharepoint.com/sites/LeaveApplication","parameters/method":"POST","parameters/uri":"_api/web/Lists('%7B55176b52-5e8a-490b-97c7-07fa1a92ff80%7D')/GetItemById(@{outputs('Get_file_metadata')?['body/ItemId']})/UpdateDocumentSharingInfo","parameters/headers":{"content-type":"application/json;odata=verbose"},"parameters/body":"{\n   \"userRoleAssignments\":[\n      {\n         \"UserId\":\"Leave Application Visitors\",\n         \"Role\":0\n      }\n   ],\n   \"validateExistingPermissions\":false,\n   \"additiveMode\":false,\n   \"sendServerManagedNotification\":false,\n   \"customMessage\":null,\n   \"includeAnonymousLinksInNotification\":false,\n   \"propagateAcl\":true\n}"},"authentication":"@parameters('$authentication')"}}},"runAfter":{"Get_file_properties":["Succeeded"]},"expression":{"equals":["@outputs('Get_file_properties')?['body/Category/Value']","IT"]},"type":"If"}}},"connectionReferences":{"shared_sharepointonline_1":{"connectionName":"8d030b88739c4ff39cfe4f6c9e5675db","source":"Embedded","id":"/providers/Microsoft.PowerApps/apis/shared_sharepointonline","tier":"NotSpecified"}},"flowFailureAlertSubscribed":false}}