{"name":"06b85501-1229-4140-b2e6-a5f076235d86","id":"/providers/Microsoft.Flow/flows/06b85501-1229-4140-b2e6-a5f076235d86","type":"Microsoft.Flow/flows","properties":{"apiId":"/providers/Microsoft.PowerApps/apis/shared_logicflows","displayName":"Language detection-YT","definition":{"metadata":{"workflowEntityId":null,"flowclientsuspensionreason":"None","flowclientsuspensiontime":null,"creator":{"id":"70212c12-7954-4b50-9809-2b42dc2e2f0d","type":"User","tenantId":"b714e32b-dad0-4ea8-ba7e-9e0b41e74179"},"provisioningMethod":"FromDefinition","failureAlertSubscription":true,"clientLastModifiedTime":"2021-02-01T00:37:54.9483175Z"},"$schema":"https://schema.management.azure.com/providers/Microsoft.Logic/schemas/2016-06-01/workflowdefinition.json#","contentVersion":"1.0.0.0","parameters":{"$connections":{"defaultValue":{},"type":"Object"},"$authentication":{"defaultValue":{},"type":"SecureObject"},"cdsruntimecertificate":{"type":"String"},"cdsruntimecertificatepassword":{"type":"SecureString"}},"triggers":{"manual":{"type":"Request","kind":"Button","inputs":{"schema":{"type":"object","properties":{"text":{"title":"Sentence","type":"string","x-ms-dynamically-added":true,"description":"Please enter your input","x-ms-content-hint":"TEXT"}},"required":["text"]}}}},"actions":{"Detect_the_language_being_used_in_text":{"runAfter":{},"metadata":{"flowSystemMetadata":{"portalOperationId":"aibuilderpredict_languagedetection","portalOperationGroup":"aibuilder","portalOperationApiDisplayNameOverride":"AI Builder","portalOperationIconOverride":"https://psuxemea.azureedge.net/Content/Images/DesignerOperations/aiBuilder.png","portalOperationBrandColorOverride":"#742775","portalOperationApiTierOverride":"Standard"}},"type":"OpenApiConnection","inputs":{"host":{"apiId":"/providers/Microsoft.PowerApps/apis/shared_commondataserviceforapps","connectionName":"shared_commondataserviceforapps","operationId":"aibuilderpredict_languagedetection"},"parameters":{"item/requestv2/text":"@triggerBody()['text']","recordId":"17a6f893-5b0b-4867-8fac-fb2eda9080b2"},"authentication":"@parameters('$authentication')"}},"Predict":{"runAfter":{"Detect_the_language_being_used_in_text":["Succeeded"]},"type":"OpenApiConnection","inputs":{"host":{"apiId":"/providers/Microsoft.PowerApps/apis/shared_commondataserviceforapps","connectionName":"shared_commondataserviceforapps","operationId":"PredictV2"},"parameters":{"recordId":"17a6f893-5b0b-4867-8fac-fb2eda9080b2","item/requestv2/text":"@triggerBody()['text']"},"authentication":"@parameters('$authentication')"}},"Initialize_variable":{"runAfter":{"Predict":["Succeeded"]},"type":"InitializeVariable","inputs":{"variables":[{"name":"Detected Lang","type":"string"}]}},"Apply_to_each":{"foreach":"@outputs('Predict')?['body/responsev2/predictionOutput/results']","actions":{"Set_variable":{"runAfter":{},"type":"SetVariable","inputs":{"name":"Detected Lang","value":"@items('Apply_to_each')?['language']"}}},"runAfter":{"Initialize_variable":["Succeeded"]},"type":"Foreach"},"Apply_to_each_2":{"foreach":"@outputs('Detect_the_language_being_used_in_text')?['body/responsev2/predictionOutput/results']","actions":{"Compose":{"runAfter":{},"type":"Compose","inputs":"@items('Apply_to_each_2')?['language']"}},"runAfter":{"Apply_to_each":["Succeeded"]},"type":"Foreach"}}},"connectionReferences":{"shared_commondataserviceforapps":{"connectionName":"shared-commondataser-22ef2e36-b02c-4e7e-9a2c-7805-af30db2c","source":"Embedded","id":"/providers/Microsoft.PowerApps/apis/shared_commondataserviceforapps","tier":"NotSpecified"}},"flowFailureAlertSubscribed":false}}