{"name":"579596f5-56c2-40c1-a78f-b1454e72f80d","id":"/providers/Microsoft.Flow/flows/579596f5-56c2-40c1-a78f-b1454e72f80d","type":"Microsoft.Flow/flows","properties":{"apiId":"/providers/Microsoft.PowerApps/apis/shared_logicflows","displayName":"GIT- Maintain Unanswered Questions - PVA","definition":{"metadata":{"workflowEntityId":null,"flowclientsuspensionreason":"None","flowclientsuspensiontime":null,"creator":{"id":"4ba735f3-f97e-47d5-9b8c-b39a58959618","type":"User","tenantId":"3ac4ca00-2fc7-461f-90ca-497e2b3db5df"},"provisioningMethod":"FromDefinition","failureAlertSubscription":true,"clientLastModifiedTime":"2020-12-24T05:17:39.6658616Z"},"$schema":"https://schema.management.azure.com/providers/Microsoft.Logic/schemas/2016-06-01/workflowdefinition.json#","contentVersion":"1.0.0.0","parameters":{"$connections":{"defaultValue":{},"type":"Object"},"$authentication":{"defaultValue":{},"type":"SecureObject"}},"triggers":{"manual":{"type":"Request","kind":"VirtualAgent","inputs":{"schema":{"type":"object","properties":{"text":{"title":"Input","type":"string","x-ms-dynamically-added":true,"description":"Please enter your input","x-ms-content-hint":"TEXT"}},"required":["text"]}}}},"actions":{"Start_and_wait_for_an_approval":{"runAfter":{"Return_value(s)_to_Power_Virtual_Agents":["Succeeded"]},"type":"OpenApiConnectionWebhook","inputs":{"host":{"apiId":"/providers/Microsoft.PowerApps/apis/shared_approvals","connectionName":"shared_approvals","operationId":"StartAndWaitForAnApproval"},"parameters":{"approvalType":"Basic","WebhookApprovalCreationInput/title":"New Question Asked in Chat bot","WebhookApprovalCreationInput/assignedTo":"dhruvinshah@dshah27.onmicrosoft.com;","WebhookApprovalCreationInput/details":"@triggerBody()['text']","WebhookApprovalCreationInput/enableNotifications":true,"WebhookApprovalCreationInput/enableReassignment":true},"authentication":"@parameters('$authentication')"}},"Condition":{"actions":{"Apply_to_each":{"foreach":"@outputs('Start_and_wait_for_an_approval')?['body/responses']","actions":{"Update_KnowledgeBase":{"runAfter":{},"type":"Http","inputs":{"method":"PATCH","uri":"https://yourappname.cognitiveservices.azure.com/qnamaker/v4.0/knowledgebases/******-abd6-45c0-****-521f87fc564a","headers":{"Content-Type":"application/json","Ocp-Apim-Subscription-Key":"52f3*********"},"body":{"add":{"qnaList":[{"id":0,"answer":"@{items('Apply_to_each')?['comments']}","source":"Custom Editorial","questions":["@{triggerBody()['text']}"],"metadata":[]}]}}}},"Publish_Knowledgebase":{"runAfter":{"Update_KnowledgeBase":["Succeeded"]},"type":"Http","inputs":{"method":"POST","uri":"https://hrqnabot02.cognitiveservices.azure.com/qnamaker/v4.0/knowledgebases/***********-45c****e-521f87fc564a","headers":{"Ocp-Apim-Subscription-Key":"****552"}}}},"runAfter":{},"type":"Foreach"}},"runAfter":{"Start_and_wait_for_an_approval":["Succeeded"]},"else":{"actions":{"Terminate":{"runAfter":{},"type":"Terminate","inputs":{"runStatus":"Cancelled"}}}},"expression":{"equals":["@outputs('Start_and_wait_for_an_approval')?['body/outcome']","Approve"]},"type":"If"},"Return_value(s)_to_Power_Virtual_Agents":{"runAfter":{},"type":"Response","kind":"VirtualAgent","inputs":{"statusCode":200,"body":{"response":"Thanks for the approval. We will add your question soon in KB."},"schema":{"type":"object","properties":{"response":{"title":"Response","x-ms-dynamically-added":true,"type":"string"}}}}}},"outputs":{},"description":"Call this flow from Power Virtual Agents."},"connectionReferences":{"shared_approvals":{"connectionName":"shared-approvals-33709baa-8ebe-45d7-9beb-0032274ac2ac","source":"Embedded","id":"/providers/Microsoft.PowerApps/apis/shared_approvals","tier":"NotSpecified"}},"flowFailureAlertSubscribed":false}}