{"name":"464545de-f089-45db-95d8-fb2966d88050","id":"/providers/Microsoft.Flow/flows/464545de-f089-45db-95d8-fb2966d88050","type":"Microsoft.Flow/flows","properties":{"apiId":"/providers/Microsoft.PowerApps/apis/shared_logicflows","displayName":"Create  Teams Link","definition":{"metadata":{"workflowEntityId":null,"processAdvisorMetadata":null,"flowclientsuspensionreason":"None","flowclientsuspensiontime":null,"creator":{"id":"1f0ec557-2f41-461c-8a50-41992aa63eaa","type":"User","tenantId":"c173cb52-a46e-4302-9b95-6df32c4e0544"},"provisioningMethod":"FromDefinition","failureAlertSubscription":true,"clientLastModifiedTime":"2022-02-12T12:44:02.4390351Z"},"$schema":"https://schema.management.azure.com/providers/Microsoft.Logic/schemas/2016-06-01/workflowdefinition.json#","contentVersion":"1.0.0.0","parameters":{"$connections":{"defaultValue":{},"type":"Object"},"$authentication":{"defaultValue":{},"type":"SecureObject"}},"triggers":{"When_an_item_is_created":{"recurrence":{"frequency":"Minute","interval":1},"splitOn":"@triggerOutputs()?['body/value']","metadata":{"operationMetadataId":"26da69eb-94d6-4e59-afd2-af81dbe6f9f2"},"type":"OpenApiConnection","inputs":{"host":{"apiId":"/providers/Microsoft.PowerApps/apis/shared_sharepointonline","connectionName":"shared_sharepointonline","operationId":"GetOnNewItems"},"parameters":{"dataset":"https://digitaldhruvin.sharepoint.com/sites/Events","table":"ed468196-993f-43e4-8800-56287c2b10af"},"authentication":"@parameters('$authentication')"}}},"actions":{"Initialize_variable":{"runAfter":{},"metadata":{"operationMetadataId":"a2a7ef74-f0ed-4dc0-a9b3-8d93fea5ab8d"},"type":"InitializeVariable","inputs":{"variables":[{"name":"vMeetingBody","type":"string"}]}},"Initialize_variable_2":{"runAfter":{"Initialize_variable":["Succeeded"]},"metadata":{"operationMetadataId":"dc86fee1-f3ed-4426-a232-bcd40acbf315"},"type":"InitializeVariable","inputs":{"variables":[{"name":"vAttendees","type":"array"}]}},"Apply_to_each":{"foreach":"@triggerOutputs()?['body/Attendees']","actions":{"Append_to_array_variable":{"runAfter":{},"metadata":{"operationMetadataId":"206a70fa-fc05-488b-ae2b-c3b4cf74348a"},"type":"AppendToArrayVariable","inputs":{"name":"vAttendees","value":{"type":"required","emailAddress":{"name":"@{items('Apply_to_each')?['DisplayName']}","address":"@{items('Apply_to_each')?['Email']}"}}}}},"runAfter":{"Initialize_variable_2":["Succeeded"]},"metadata":{"operationMetadataId":"96fb133c-8d2d-44b1-9cda-e1a9736fb9be"},"type":"Foreach"},"Set_variable":{"runAfter":{"Apply_to_each":["Succeeded"]},"metadata":{"operationMetadataId":"6b8a9275-42aa-49c2-ab75-1258e08dee90"},"type":"SetVariable","inputs":{"name":"vMeetingBody","value":"{\n  \"subject\": \"@{triggerOutputs()?['body/Title']}\",\n  \"body\": {\n    \"contentType\": \"HTML\",\n    \"content\": \"@{triggerOutputs()?['body/Description']}\"\n  },\n  \"start\": {\n    \"dateTime\": \"@{triggerOutputs()?['body/StartDate']}\",\n\"timeZone\": \"UTC\"\n    \n  },\n  \"end\": {\n    \"dateTime\": \"@{triggerOutputs()?['body/EndDate']}\",\n   \"timeZone\": \"UTC\"\n  },\n  \"location\": {\n    \"displayName\": \"Online\"\n  },\n\"attendees\":  @{variables('vAttendees')} ,\n  \"isOnlineMeeting\": true,\n  \"onlineMeetingProvider\": \"teamsForBusiness\"\n}"}},"Invoke_an_HTTP_request":{"runAfter":{"Set_variable":["Succeeded"]},"metadata":{"operationMetadataId":"a8d08451-8007-4e8c-92c0-eee7248333c2"},"type":"OpenApiConnection","inputs":{"host":{"apiId":"/providers/Microsoft.PowerApps/apis/shared_webcontents","connectionName":"shared_webcontents_1","operationId":"InvokeHttp"},"parameters":{"request/method":"POST","request/url":"https://graph.microsoft.com/v1.0/me/events","request/headers":{"content-type":"application/json"},"request/body":"@variables('vMeetingBody')"},"authentication":"@parameters('$authentication')"}},"Create_item":{"runAfter":{"Invoke_an_HTTP_request":["Succeeded"]},"metadata":{"operationMetadataId":"87cd0a96-fdff-4ce8-bd14-7604b954ea8c"},"type":"OpenApiConnection","inputs":{"host":{"apiId":"/providers/Microsoft.PowerApps/apis/shared_sharepointonline","connectionName":"shared_sharepointonline","operationId":"PostItem"},"parameters":{"dataset":"https://digitaldhruvin.sharepoint.com/sites/Events","table":"16541b8e-6550-4d79-ba07-a2cb3f677415","item/Title":"@triggerOutputs()?['body/ID']","item/CalendarEventID":"@body('Invoke_an_HTTP_request')?['id']"},"authentication":"@parameters('$authentication')"}}},"outputs":{}},"connectionReferences":{"shared_webcontents_1":{"connectionName":"shared-webcontents-9fb1d47e-b2a1-49c2-b7ba-aa008db97a59","source":"Embedded","id":"/providers/Microsoft.PowerApps/apis/shared_webcontents","tier":"NotSpecified"},"shared_sharepointonline":{"connectionName":"shared-sharepointonl-fc8c811a-2f1d-4313-bcee-9457-16549c4f","source":"Embedded","id":"/providers/Microsoft.PowerApps/apis/shared_sharepointonline","tier":"NotSpecified"}},"flowFailureAlertSubscribed":false}}