{"name":"c9ba9a57-a132-4862-b4ef-c6250e3699a0","id":"/providers/Microsoft.Flow/flows/c9ba9a57-a132-4862-b4ef-c6250e3699a0","type":"Microsoft.Flow/flows","properties":{"apiId":"/providers/Microsoft.PowerApps/apis/shared_logicflows","displayName":"SharePointCRUD","definition":{"metadata":{"workflowEntityId":null,"flowclientsuspensionreason":"None","flowclientsuspensiontime":null,"creator":{"id":"4ba735f3-f97e-47d5-9b8c-b39a58959618","type":"User","tenantId":"3ac4ca00-2fc7-461f-90ca-497e2b3db5df"},"provisioningMethod":"FromDefinition","failureAlertSubscription":true,"clientLastModifiedTime":"2021-01-26T06:45:20.0894375Z"},"$schema":"https://schema.management.azure.com/providers/Microsoft.Logic/schemas/2016-06-01/workflowdefinition.json#","contentVersion":"1.0.0.0","parameters":{"$connections":{"defaultValue":{},"type":"Object"},"$authentication":{"defaultValue":{},"type":"SecureObject"}},"triggers":{"manual":{"type":"Request","kind":"Button","inputs":{"schema":{"type":"object","properties":{},"required":[]}}}},"actions":{"Get_Items":{"runAfter":{},"type":"OpenApiConnection","inputs":{"host":{"apiId":"/providers/Microsoft.PowerApps/apis/shared_sharepointonline","connectionName":"shared_sharepointonline","operationId":"HttpRequest"},"parameters":{"dataset":"https://dshah27.sharepoint.com/sites/EateryMall","parameters/method":"GET","parameters/uri":"_api/web/lists/getbytitle('Power Platform Trainings')"},"authentication":{"value":"@json(decodeBase64(triggerOutputs().headers['X-MS-APIM-Tokens']))['$ConnectionKey']","type":"Raw"}}},"Create":{"runAfter":{},"type":"OpenApiConnection","inputs":{"host":{"apiId":"/providers/Microsoft.PowerApps/apis/shared_sharepointonline","connectionName":"shared_sharepointonline","operationId":"HttpRequest"},"parameters":{"dataset":"https://dshah27.sharepoint.com/sites/EateryMall","parameters/method":"POST","parameters/uri":"_api/web/lists/getbytitle('Power Platform Trainings')/items","parameters/headers":{"content-type":"application/json;odata=verbose  ","If-Match":"*"},"parameters/body":"{\n\"__metadata\": { \"type\": \"SP.Data.Power_x0020_Platform_x0020_TrainingsListItem\" },    \n\"Title\": \"Power BI\",\n\"PersonName\":\"Anisha\"\n}"},"authentication":{"value":"@json(decodeBase64(triggerOutputs().headers['X-MS-APIM-Tokens']))['$ConnectionKey']","type":"Raw"}}},"Update":{"runAfter":{},"type":"OpenApiConnection","inputs":{"host":{"apiId":"/providers/Microsoft.PowerApps/apis/shared_sharepointonline","connectionName":"shared_sharepointonline","operationId":"HttpRequest"},"parameters":{"dataset":"https://dshah27.sharepoint.com/sites/EateryMall","parameters/method":"PATCH","parameters/uri":"_api/web/lists/getbytitle('Power Platform Trainings')/items(26)","parameters/headers":{"content-type":"application/json;odata=verbose","IF-MATCH":"*"},"parameters/body":"{    \n\"__metadata\": { \"type\": \"SP.Data.Power_x0020_Platform_x0020_TrainingsListItem\" },    \n\"Title\": \"Power Apps\",\n\"PersonName\":\"Dhruvin\"\n\n} "},"authentication":{"value":"@json(decodeBase64(triggerOutputs().headers['X-MS-APIM-Tokens']))['$ConnectionKey']","type":"Raw"}}},"Delete":{"runAfter":{},"type":"OpenApiConnection","inputs":{"host":{"apiId":"/providers/Microsoft.PowerApps/apis/shared_sharepointonline","connectionName":"shared_sharepointonline","operationId":"HttpRequest"},"parameters":{"dataset":"https://dshah27.sharepoint.com/sites/EateryMall","parameters/method":"POST","parameters/uri":"_api/web/lists/getbytitle('Power Platform Trainings')/items(27)","parameters/headers":{"content-type":"application/json;odata=verbose  ","If-Match":"*","X-HTTP-Method":"DELETE"}},"authentication":{"value":"@json(decodeBase64(triggerOutputs().headers['X-MS-APIM-Tokens']))['$ConnectionKey']","type":"Raw"}}}}},"connectionReferences":{"shared_sharepointonline":{"connectionName":"8d030b88739c4ff39cfe4f6c9e5675db","source":"Invoker","id":"/providers/Microsoft.PowerApps/apis/shared_sharepointonline","tier":"NotSpecified"}},"flowFailureAlertSubscribed":false}}