{"name":"1ac26515-bb95-48d3-a6dd-2709354df527","id":"/providers/Microsoft.Flow/flows/1ac26515-bb95-48d3-a6dd-2709354df527","type":"Microsoft.Flow/flows","properties":{"apiId":"/providers/Microsoft.PowerApps/apis/shared_logicflows","displayName":"Export -POC -Get SharePoint Group Users as Admin","definition":{"metadata":{"workflowEntityId":null,"flowclientsuspensionreason":"None","flowclientsuspensiontime":null,"creator":{"id":"4ba735f3-f97e-47d5-9b8c-b39a58959618","type":"User","tenantId":"3ac4ca00-2fc7-461f-90ca-497e2b3db5df"},"provisioningMethod":"FromDefinition","failureAlertSubscription":true,"clientLastModifiedTime":"2020-12-16T03:59:56.5228843Z"},"$schema":"https://schema.management.azure.com/providers/Microsoft.Logic/schemas/2016-06-01/workflowdefinition.json#","contentVersion":"1.0.0.0","parameters":{"$authentication":{"defaultValue":{},"type":"SecureObject"}},"triggers":{"manual":{"type":"Request","kind":"Button","inputs":{"schema":{"type":"object","properties":{},"required":[]}}}},"actions":{"Response":{"runAfter":{"Select":["Succeeded"]},"type":"Response","kind":"Http","inputs":{"statusCode":200,"body":"@body('Select')","schema":{"type":"array","items":{"type":"object","properties":{"Email":{"type":"string"},"Claims":{"type":"string"},"DisplayName":{"type":"string"},"Department":{"type":"string"},"JobTitle":{"type":"string"},"Picture":{"type":"string"}},"required":["Email","Claims","DisplayName","Department","JobTitle","Picture"]}}}},"Select":{"runAfter":{"Get_Groups":["Succeeded"]},"type":"Select","inputs":{"from":"@body('Get_Groups')?['d']?['results']","select":{"Email":"@item()?['UserPrincipalName']","Claims":"@item()?['LoginName']","DisplayName":"@item()?['Title']","Department":"","JobTitle":"","Picture":""}}},"Get_Access_Token_from_SharePoint":{"runAfter":{"Body":["Succeeded"]},"type":"Http","inputs":{"method":"POST","uri":"https://accounts.accesscontrol.windows.net/@{variables('tenantID')}/tokens/OAuth/2","headers":{"Content-Type":"application/x-www-form-urlencoded"},"body":"@variables('Body')"}},"Compose":{"runAfter":{"Get_Access_Token_from_SharePoint":["Succeeded"]},"type":"Compose","inputs":"@body('Get_Access_Token_from_SharePoint')['access_token']"},"vClientID":{"runAfter":{},"type":"InitializeVariable","inputs":{"variables":[{"name":"vClientID","type":"string"}]}},"vClientSecret":{"runAfter":{"vClientID":["Succeeded"]},"type":"InitializeVariable","inputs":{"variables":[{"name":"vClientSecret","type":"string"}]}},"Get_Groups":{"runAfter":{"Compose":["Succeeded"]},"type":"Http","inputs":{"method":"GET","uri":"https://tenantname.sharepoint.com/sites/sitename/_api/web/sitegroups/getbyname('groupname')/users","headers":{"Accept":"application/json;odata=verbose","Authorization":"Bearer @{outputs('Compose')} "}}},"Tenant_Name":{"runAfter":{"vClientSecret":["Succeeded"]},"type":"InitializeVariable","inputs":{"variables":[{"name":"tenantname","type":"string"}]}},"Tenant_ID":{"runAfter":{"Tenant_Name":["Succeeded"]},"type":"InitializeVariable","inputs":{"variables":[{"name":"tenantID","type":"string"}]}},"Body":{"runAfter":{"Tenant_ID":["Succeeded"]},"type":"InitializeVariable","inputs":{"variables":[{"name":"Body","type":"string","value":"grant_type=client_credentials&client_id=@{variables('vClientID')}@*******-2fc7-461f-90ca-497e2b3db5df&client_secret=@{variables('vClientSecret')}&resource=00000003-0000-0ff1-ce00-000000000000/@{variables('tenantname')}.sharepoint.com@******-2fc7-461f-90ca-497e2b3db5df"}]}}}},"connectionReferences":{},"flowFailureAlertSubscribed":false}}