{"name":"44c8b237-3626-41ff-a0ce-762356935810","id":"/providers/Microsoft.Flow/flows/44c8b237-3626-41ff-a0ce-762356935810","type":"Microsoft.Flow/flows","properties":{"apiId":"/providers/Microsoft.PowerApps/apis/shared_logicflows","displayName":"Lis Attachment as Email","definition":{"metadata":{"workflowEntityId":null,"processAdvisorMetadata":null,"flowclientsuspensionreason":"None","flowclientsuspensiontime":null,"creator":{"id":"4ba735f3-f97e-47d5-9b8c-b39a58959618","type":"User","tenantId":"3ac4ca00-2fc7-461f-90ca-497e2b3db5df"},"provisioningMethod":"FromDefinition","failureAlertSubscription":true,"clientLastModifiedTime":"2021-06-09T03:20:43.001283Z"},"$schema":"https://schema.management.azure.com/providers/Microsoft.Logic/schemas/2016-06-01/workflowdefinition.json#","contentVersion":"1.0.0.0","parameters":{"$connections":{"defaultValue":{},"type":"Object"},"$authentication":{"defaultValue":{},"type":"SecureObject"}},"triggers":{"When_an_item_is_created":{"recurrence":{"frequency":"Minute","interval":1},"splitOn":"@triggerOutputs()?['body/value']","type":"OpenApiConnection","inputs":{"host":{"apiId":"/providers/Microsoft.PowerApps/apis/shared_sharepointonline","connectionName":"shared_sharepointonline","operationId":"GetOnNewItems"},"parameters":{"dataset":"https://dshah27.sharepoint.com/sites/Leaves","table":"e006b047-83af-4afc-8a6e-dc5cf77fb05b"},"authentication":"@parameters('$authentication')"}}},"actions":{"Get_attachments":{"runAfter":{},"type":"OpenApiConnection","inputs":{"host":{"apiId":"/providers/Microsoft.PowerApps/apis/shared_sharepointonline","connectionName":"shared_sharepointonline","operationId":"GetItemAttachments"},"parameters":{"dataset":"https://dshah27.sharepoint.com/sites/Leaves","table":"e006b047-83af-4afc-8a6e-dc5cf77fb05b","itemId":"@triggerOutputs()?['body/ID']"},"authentication":"@parameters('$authentication')"}},"Initialize_variable":{"runAfter":{"Get_attachments":["Succeeded"]},"type":"InitializeVariable","inputs":{"variables":[{"name":"FileAttachentContent","type":"array"}]}},"Apply_to_each":{"foreach":"@outputs('Get_attachments')?['body']","actions":{"Get_attachment_content":{"runAfter":{},"type":"OpenApiConnection","inputs":{"host":{"apiId":"/providers/Microsoft.PowerApps/apis/shared_sharepointonline","connectionName":"shared_sharepointonline","operationId":"GetAttachmentContent"},"parameters":{"dataset":"https://dshah27.sharepoint.com/sites/Leaves","table":"e006b047-83af-4afc-8a6e-dc5cf77fb05b","itemId":"@triggerOutputs()?['body/ID']","attachmentId":"@items('Apply_to_each')?['Id']"},"authentication":"@parameters('$authentication')"}},"Append_to_array_variable":{"runAfter":{"Get_attachment_content":["Succeeded"]},"type":"AppendToArrayVariable","inputs":{"name":"FileAttachentContent","value":{"Name":"@items('Apply_to_each')?['DisplayName']","ContentBytes":"@outputs('Get_attachment_content')?['body']"}}}},"runAfter":{"Initialize_variable":["Succeeded"]},"type":"Foreach"},"Send_an_email_(V2)":{"runAfter":{"Apply_to_each":["Succeeded"]},"type":"OpenApiConnection","inputs":{"host":{"apiId":"/providers/Microsoft.PowerApps/apis/shared_office365","connectionName":"shared_office365","operationId":"SendEmailV2"},"parameters":{"emailMessage/To":"dhruvinshah@dshah27.onmicrosoft.com","emailMessage/Subject":"Multiple Files from SP LIST","emailMessage/Body":"<p>Hello,<br>\n<br>\n<br>\nPlease find attached docuemnts!<br>\n<br>\nThanks<br>\nDhruvin</p>","emailMessage/Attachments":"@variables('FileAttachentContent')"},"authentication":"@parameters('$authentication')"}}}},"connectionReferences":{"shared_sharepointonline":{"connectionName":"8d030b88739c4ff39cfe4f6c9e5675db","source":"Embedded","id":"/providers/Microsoft.PowerApps/apis/shared_sharepointonline","tier":"NotSpecified"},"shared_office365":{"connectionName":"d7d2a23a413c494fb8eb45d7428313d3","source":"Embedded","id":"/providers/Microsoft.PowerApps/apis/shared_office365","tier":"NotSpecified"}},"flowFailureAlertSubscribed":false}}