{"name":"46e2c31c-9d2f-4c93-aaea-296e1942fd13","id":"/providers/Microsoft.Flow/flows/46e2c31c-9d2f-4c93-aaea-296e1942fd13","type":"Microsoft.Flow/flows","properties":{"apiId":"/providers/Microsoft.PowerApps/apis/shared_logicflows","displayName":"Alternative for Wait Until Field is non Blank in Power Automate","definition":{"metadata":{"workflowEntityId":null,"flowclientsuspensionreason":"None","flowclientsuspensiontime":null,"creator":{"id":"4ba735f3-f97e-47d5-9b8c-b39a58959618","type":"User","tenantId":"3ac4ca00-2fc7-461f-90ca-497e2b3db5df"},"provisioningMethod":"FromDefinition","failureAlertSubscription":true,"clientLastModifiedTime":"2020-12-12T17:53:37.8990643Z"},"$schema":"https://schema.management.azure.com/providers/Microsoft.Logic/schemas/2016-06-01/workflowdefinition.json#","contentVersion":"1.0.0.0","parameters":{"$connections":{"defaultValue":{},"type":"Object"},"$authentication":{"defaultValue":{},"type":"SecureObject"}},"triggers":{"When_an_item_is_created":{"recurrence":{"frequency":"Minute","interval":1},"splitOn":"@triggerOutputs()?['body/value']","type":"OpenApiConnection","inputs":{"host":{"apiId":"/providers/Microsoft.PowerApps/apis/shared_sharepointonline","connectionName":"shared_sharepointonline","operationId":"GetOnNewItems"},"parameters":{"dataset":"https://dshah27.sharepoint.com/sites/LeaveApplication","table":"1ad6de38-daee-49f8-b81e-6607f73d9e32"},"authentication":"@parameters('$authentication')"}}},"actions":{"Do_until":{"actions":{"Delay":{"runAfter":{},"type":"Wait","inputs":{"interval":{"count":5,"unit":"Second"}}},"Compose":{"runAfter":{"Set_variable":["Succeeded"]},"type":"Compose","inputs":"\"Dhruvin\"@{triggerOutputs()?['body/Status/Value']}"},"Get_item":{"runAfter":{"Delay":["Succeeded"]},"type":"OpenApiConnection","inputs":{"host":{"apiId":"/providers/Microsoft.PowerApps/apis/shared_sharepointonline","connectionName":"shared_sharepointonline","operationId":"GetItem"},"parameters":{"dataset":"https://dshah27.sharepoint.com/sites/LeaveApplication","table":"1ad6de38-daee-49f8-b81e-6607f73d9e32","id":"@triggerOutputs()?['body/ID']"},"authentication":"@parameters('$authentication')"}},"Set_variable":{"runAfter":{"Get_item":["Succeeded"]},"type":"SetVariable","inputs":{"name":"StatusValue","value":"@outputs('Get_item')?['body/Status/Value']"}}},"runAfter":{"Initialize_variable":["Succeeded"]},"expression":"@not(equals(variables('StatusValue'), ''))","limit":{"count":60,"timeout":"PT1H"},"type":"Until"},"Initialize_variable":{"runAfter":{},"type":"InitializeVariable","inputs":{"variables":[{"name":"StatusValue","type":"string"}]}},"Send_an_email_(V2)":{"runAfter":{"Do_until":["Succeeded"]},"type":"OpenApiConnection","inputs":{"host":{"apiId":"/providers/Microsoft.PowerApps/apis/shared_office365","connectionName":"shared_office365","operationId":"SendEmailV2"},"parameters":{"emailMessage/To":"dhruvinshah@dshah27.onmicrosoft.com","emailMessage/Subject":"Status is added","emailMessage/Body":"<p>Status: @{outputs('Get_item')?['body/Status/Value']}</p>"},"authentication":"@parameters('$authentication')"}}}},"connectionReferences":{"shared_sharepointonline":{"connectionName":"8d030b88739c4ff39cfe4f6c9e5675db","source":"Embedded","id":"/providers/Microsoft.PowerApps/apis/shared_sharepointonline","tier":"NotSpecified"},"shared_office365":{"connectionName":"d7d2a23a413c494fb8eb45d7428313d3","source":"Embedded","id":"/providers/Microsoft.PowerApps/apis/shared_office365","tier":"NotSpecified"}},"flowFailureAlertSubscribed":false}}